CREATE TABLE PERSON_TBL ( -- 사람 TBL	
	PER_ID	        VARCHAR2(20)	NOT NULL PRIMARY KEY,		-- 사람 ID
	PER_NAME	    VARCHAR2(20)	NOT NULL,		-- 사람 이름
	PER_GENDER	    CHAR(1)		    NOT NULL,		-- 성별
	PER_TEL	        VARCHAR2(20)    NOT NULL,		-- 전화번호
	PER_ADDR_GRP	CHAR(6)			NOT NULL,		-- 주소 그룹
	PER_ADDR		CHAR(6)			NOT NULL		-- 주소 구까지
);

INSERT INTO PERSON_TBL(PER_ID, PER_NAME, PER_GENDER, PER_TEL, PER_ADDR_GRP, PER_ADDR) VALUES('950403-1129471', '김민석1', 'M', '010-3245-9372', 'GRP001', 'COM002');
INSERT INTO PERSON_TBL(PER_ID, PER_NAME, PER_GENDER, PER_TEL, PER_ADDR_GRP, PER_ADDR) VALUES('980923-1199032', '김민석2', 'M', '010-5439-1982', 'GRP001', 'COM004');
INSERT INTO PERSON_TBL(PER_ID, PER_NAME, PER_GENDER, PER_TEL, PER_ADDR_GRP, PER_ADDR) VALUES('970222-2102032', '김민지3', 'F', '010-8839-1222', 'GRP001', 'COM003');
INSERT INTO PERSON_TBL(PER_ID, PER_NAME, PER_GENDER, PER_TEL, PER_ADDR_GRP, PER_ADDR) VALUES('990912-1263322', '김민석4', 'M', '010-8839-1222', 'GRP001', 'COM004');
INSERT INTO PERSON_TBL(PER_ID, PER_NAME, PER_GENDER, PER_TEL, PER_ADDR_GRP, PER_ADDR) VALUES('000530-3195952', '김민석5', 'M', '010-8989-0000', 'GRP001', 'COM008');
INSERT INTO PERSON_TBL(PER_ID, PER_NAME, PER_GENDER, PER_TEL, PER_ADDR_GRP, PER_ADDR) VALUES('690129-2125445', '김민지6', 'F', '010-3333-1222', 'GRP001', 'COM012');
INSERT INTO PERSON_TBL(PER_ID, PER_NAME, PER_GENDER, PER_TEL, PER_ADDR_GRP, PER_ADDR) VALUES('530616-2123669', '김민지7', 'F', '010-8453-2626', 'GRP001', 'COM017');
INSERT INTO PERSON_TBL(PER_ID, PER_NAME, PER_GENDER, PER_TEL, PER_ADDR_GRP, PER_ADDR) VALUES('480628-1124985', '김민석8', 'M', '010-1313-0024', 'GRP001', 'COM007');
INSERT INTO PERSON_TBL(PER_ID, PER_NAME, PER_GENDER, PER_TEL, PER_ADDR_GRP, PER_ADDR) VALUES('080822-4151525', '김민지9', 'F', '010-5555-0502', 'GRP001', 'COM015');
INSERT INTO PERSON_TBL(PER_ID, PER_NAME, PER_GENDER, PER_TEL, PER_ADDR_GRP, PER_ADDR) VALUES('890125-2122532', '김민지10', 'F', '010-5955-0005', 'GRP001', 'COM017');
INSERT INTO PERSON_TBL(PER_ID, PER_NAME, PER_GENDER, PER_TEL, PER_ADDR_GRP, PER_ADDR) VALUES('780516-1212126', '김민석11', 'M', '010-4444-4584', 'GRP001', 'COM003');
INSERT INTO PERSON_TBL(PER_ID, PER_NAME, PER_GENDER, PER_TEL, PER_ADDR_GRP, PER_ADDR) VALUES('691225-1655421', '김민석12', 'M', '010-8839-4545', 'GRP001', 'COM013');
INSERT INTO PERSON_TBL(PER_ID, PER_NAME, PER_GENDER, PER_TEL, PER_ADDR_GRP, PER_ADDR) VALUES('060515-4125681', '김민지13', 'F', '010-4485-6464', 'GRP001', 'COM016');
INSERT INTO PERSON_TBL(PER_ID, PER_NAME, PER_GENDER, PER_TEL, PER_ADDR_GRP, PER_ADDR) VALUES('550125-2120283', '김민지14', 'F', '010-4646-9999', 'GRP001', 'COM011');
INSERT INTO PERSON_TBL(PER_ID, PER_NAME, PER_GENDER, PER_TEL, PER_ADDR_GRP, PER_ADDR) VALUES('880515-1165552', '김민석15', 'M', '010-4688-1112', 'GRP001', 'COM006');
INSERT INTO PERSON_TBL(PER_ID, PER_NAME, PER_GENDER, PER_TEL, PER_ADDR_GRP, PER_ADDR) VALUES('010322-3122175', '김민석16', 'M', '010-9999-6656', 'GRP001', 'COM014');
INSERT INTO PERSON_TBL(PER_ID, PER_NAME, PER_GENDER, PER_TEL, PER_ADDR_GRP, PER_ADDR) VALUES('601228-2164032', '김민지17', 'F', '010-8888-1121', 'GRP001', 'COM009');
INSERT INTO PERSON_TBL(PER_ID, PER_NAME, PER_GENDER, PER_TEL, PER_ADDR_GRP, PER_ADDR) VALUES('850321-2155032', '김민지18', 'F', '010-3939-2222', 'GRP001', 'COM005');
INSERT INTO PERSON_TBL(PER_ID, PER_NAME, PER_GENDER, PER_TEL, PER_ADDR_GRP, PER_ADDR) VALUES('000411-3124560', '김민석19', 'M', '010-5545-8888', 'GRP001', 'COM008');
INSERT INTO PERSON_TBL(PER_ID, PER_NAME, PER_GENDER, PER_TEL, PER_ADDR_GRP, PER_ADDR) VALUES('990412-1145032', '김민석20', 'M', '010-6659-1000', 'GRP001', 'COM011');

INSERT INTO PERSON_TBL(PER_ID, PER_NAME, PER_GENDER, PER_TEL, PER_ADDR_GRP, PER_ADDR) VALUES('470503-2156132', '김민지21', 'F', '010-0020-0005', 'GRP001', 'COM017');
INSERT INTO PERSON_TBL(PER_ID, PER_NAME, PER_GENDER, PER_TEL, PER_ADDR_GRP, PER_ADDR) VALUES('560325-2699543', '김민지22', 'F', '010-5459-6614', 'GRP001', 'COM002');
INSERT INTO PERSON_TBL(PER_ID, PER_NAME, PER_GENDER, PER_TEL, PER_ADDR_GRP, PER_ADDR) VALUES('010206-4122265', '김민지23', 'F', '010-9899-0024', 'GRP001', 'COM008');
INSERT INTO PERSON_TBL(PER_ID, PER_NAME, PER_GENDER, PER_TEL, PER_ADDR_GRP, PER_ADDR) VALUES('841203-1115563', '김민석24', 'M', '010-6656-1114', 'GRP001', 'COM014');
INSERT INTO PERSON_TBL(PER_ID, PER_NAME, PER_GENDER, PER_TEL, PER_ADDR_GRP, PER_ADDR) VALUES('810527-1315586', '김민석25', 'M', '010-5516-9061', 'GRP001', 'COM004');
INSERT INTO PERSON_TBL(PER_ID, PER_NAME, PER_GENDER, PER_TEL, PER_ADDR_GRP, PER_ADDR) VALUES('990510-2265882', '김민지26', 'F', '010-3331-1652', 'GRP001', 'COM015');
INSERT INTO PERSON_TBL(PER_ID, PER_NAME, PER_GENDER, PER_TEL, PER_ADDR_GRP, PER_ADDR) VALUES('500125-2556315', '김민지27', 'F', '010-9999-6878', 'GRP001', 'COM002');
INSERT INTO PERSON_TBL(PER_ID, PER_NAME, PER_GENDER, PER_TEL, PER_ADDR_GRP, PER_ADDR) VALUES('650214-1125665', '김민석28', 'M', '010-8484-1611', 'GRP001', 'COM011');
INSERT INTO PERSON_TBL(PER_ID, PER_NAME, PER_GENDER, PER_TEL, PER_ADDR_GRP, PER_ADDR) VALUES('750609-1115032', '김민석29', 'M', '010-4885-9212', 'GRP001', 'COM016');
INSERT INTO PERSON_TBL(PER_ID, PER_NAME, PER_GENDER, PER_TEL, PER_ADDR_GRP, PER_ADDR) VALUES('540810-2124560', '김민석30', 'F', '010-4845-8888', 'GRP001', 'COM010');

INSERT INTO PERSON_TBL(PER_ID, PER_NAME, PER_GENDER, PER_TEL, PER_ADDR_GRP, PER_ADDR) VALUES('940808-2125225', '김민지31', 'F', '010-6659-6466', 'GRP001', 'COM015');
INSERT INTO PERSON_TBL(PER_ID, PER_NAME, PER_GENDER, PER_TEL, PER_ADDR_GRP, PER_ADDR) VALUES('690503-2122532', '김민지32', 'F', '010-5949-0005', 'GRP001', 'COM005');
INSERT INTO PERSON_TBL(PER_ID, PER_NAME, PER_GENDER, PER_TEL, PER_ADDR_GRP, PER_ADDR) VALUES('100116-3556125', '김민석33', 'M', '010-9881-4584', 'GRP001', 'COM012');
INSERT INTO PERSON_TBL(PER_ID, PER_NAME, PER_GENDER, PER_TEL, PER_ADDR_GRP, PER_ADDR) VALUES('090526-3451421', '김민석34', 'M', '010-6626-1102', 'GRP001', 'COM003');
INSERT INTO PERSON_TBL(PER_ID, PER_NAME, PER_GENDER, PER_TEL, PER_ADDR_GRP, PER_ADDR) VALUES('770115-2211513', '김민지35', 'F', '010-6656-9998', 'GRP001', 'COM005');
INSERT INTO PERSON_TBL(PER_ID, PER_NAME, PER_GENDER, PER_TEL, PER_ADDR_GRP, PER_ADDR) VALUES('750603-2120283', '김민지36', 'F', '010-5551-9999', 'GRP001', 'COM011');
INSERT INTO PERSON_TBL(PER_ID, PER_NAME, PER_GENDER, PER_TEL, PER_ADDR_GRP, PER_ADDR) VALUES('551102-1126192', '김민석37', 'M', '010-1111-1112', 'GRP001', 'COM013');
INSERT INTO PERSON_TBL(PER_ID, PER_NAME, PER_GENDER, PER_TEL, PER_ADDR_GRP, PER_ADDR) VALUES('710922-1513485', '김민석38', 'M', '010-6491-6656', 'GRP001', 'COM003');
INSERT INTO PERSON_TBL(PER_ID, PER_NAME, PER_GENDER, PER_TEL, PER_ADDR_GRP, PER_ADDR) VALUES('850203-1164032', '김민석39', 'M', '010-6168-0021', 'GRP001', 'COM002');
INSERT INTO PERSON_TBL(PER_ID, PER_NAME, PER_GENDER, PER_TEL, PER_ADDR_GRP, PER_ADDR) VALUES('091111-2116502', '김민지40', 'F', '010-2256-2222', 'GRP001', 'COM011');

INSERT INTO PERSON_TBL(PER_ID, PER_NAME, PER_GENDER, PER_TEL, PER_ADDR_GRP, PER_ADDR) VALUES('960930-1165951', '김민석41', 'M', '010-3045-0025', 'GRP001', 'COM009');
INSERT INTO PERSON_TBL(PER_ID, PER_NAME, PER_GENDER, PER_TEL, PER_ADDR_GRP, PER_ADDR) VALUES('020812-1145132', '김민석42', 'M', '010-6223-1000', 'GRP001', 'COM004');
INSERT INTO PERSON_TBL(PER_ID, PER_NAME, PER_GENDER, PER_TEL, PER_ADDR_GRP, PER_ADDR) VALUES('701209-2122572', '김민지43', 'F', '010-6612-0005', 'GRP001', 'COM003');
INSERT INTO PERSON_TBL(PER_ID, PER_NAME, PER_GENDER, PER_TEL, PER_ADDR_GRP, PER_ADDR) VALUES('840701-1652215', '김민석44', 'M', '010-1544-4584', 'GRP001', 'COM006');
INSERT INTO PERSON_TBL(PER_ID, PER_NAME, PER_GENDER, PER_TEL, PER_ADDR_GRP, PER_ADDR) VALUES('010412-4302115', '김민지45', 'F', '010-6155-9956', 'GRP001', 'COM017');
INSERT INTO PERSON_TBL(PER_ID, PER_NAME, PER_GENDER, PER_TEL, PER_ADDR_GRP, PER_ADDR) VALUES('100609-4122511', '김민지46', 'F', '010-4000-6333', 'GRP001', 'COM002');
INSERT INTO PERSON_TBL(PER_ID, PER_NAME, PER_GENDER, PER_TEL, PER_ADDR_GRP, PER_ADDR) VALUES('950818-1120292', '김민석47', 'M', '010-4640-5559', 'GRP001', 'COM016');
INSERT INTO PERSON_TBL(PER_ID, PER_NAME, PER_GENDER, PER_TEL, PER_ADDR_GRP, PER_ADDR) VALUES('620302-1165552', '김민석48', 'M', '010-4110-1102', 'GRP001', 'COM006');
INSERT INTO PERSON_TBL(PER_ID, PER_NAME, PER_GENDER, PER_TEL, PER_ADDR_GRP, PER_ADDR) VALUES('030922-3166485', '김민석49', 'M', '010-9525-6542', 'GRP001', 'COM010');
INSERT INTO PERSON_TBL(PER_ID, PER_NAME, PER_GENDER, PER_TEL, PER_ADDR_GRP, PER_ADDR) VALUES('570215-1164032', '김민석50', 'M', '010-8008-1838', 'GRP001', 'COM007');


CREATE TABLE COMMONS_TBL ( -- 공통
	GRP_ID	    CHAR(6)		    NOT NULL,			-- GRP ID
	COM_ID	    CHAR(6)		    NOT NULL,			-- COM ID
	COM_VAL	    VARCHAR2(100)	NOT NULL,			-- COM VAL
	PARENT_ID	CHAR(6)		    NOT NULL,			-- 부모 ID
	EXP_VAL1	VARCHAR2(100)	NULL,				-- 예외1
	EXP_VAL2	VARCHAR2(100)	NULL,				-- 예외2
	EXP_VAL3	VARCHAR2(100)	NULL				-- 예외3
);

SELECT * FROM COMMONS_TBL;
INSERT INTO COMMONS_TBL(GRP_ID, COM_ID, COM_VAL, PARENT_ID, EXP_VAL1, EXP_VAL2, EXP_VAL3) VALUES('GRP001', 'COM001', '지역', 'root', NULL, NULL, NULL);
INSERT INTO COMMONS_TBL(GRP_ID, COM_ID, COM_VAL, PARENT_ID, EXP_VAL1, EXP_VAL2, EXP_VAL3) VALUES('GRP001', 'COM002', '기장군', 'COM001', NULL, NULL, NULL);
INSERT INTO COMMONS_TBL(GRP_ID, COM_ID, COM_VAL, PARENT_ID, EXP_VAL1, EXP_VAL2, EXP_VAL3) VALUES('GRP001', 'COM003', '금정구', 'COM001', NULL, NULL, NULL);
INSERT INTO COMMONS_TBL(GRP_ID, COM_ID, COM_VAL, PARENT_ID, EXP_VAL1, EXP_VAL2, EXP_VAL3) VALUES('GRP001', 'COM004', '동래구', 'COM001', NULL, NULL, NULL);
INSERT INTO COMMONS_TBL(GRP_ID, COM_ID, COM_VAL, PARENT_ID, EXP_VAL1, EXP_VAL2, EXP_VAL3) VALUES('GRP001', 'COM005', '북구', 'COM001', NULL, NULL, NULL);
INSERT INTO COMMONS_TBL(GRP_ID, COM_ID, COM_VAL, PARENT_ID, EXP_VAL1, EXP_VAL2, EXP_VAL3) VALUES('GRP001', 'COM006', '강서구', 'COM001', NULL, NULL, NULL);
INSERT INTO COMMONS_TBL(GRP_ID, COM_ID, COM_VAL, PARENT_ID, EXP_VAL1, EXP_VAL2, EXP_VAL3) VALUES('GRP001', 'COM007', '해운대구', 'COM001', NULL, NULL, NULL);
INSERT INTO COMMONS_TBL(GRP_ID, COM_ID, COM_VAL, PARENT_ID, EXP_VAL1, EXP_VAL2, EXP_VAL3) VALUES('GRP001', 'COM008', '연제구', 'COM001', NULL, NULL, NULL);
INSERT INTO COMMONS_TBL(GRP_ID, COM_ID, COM_VAL, PARENT_ID, EXP_VAL1, EXP_VAL2, EXP_VAL3) VALUES('GRP001', 'COM009', '사상구', 'COM001', NULL, NULL, NULL);
INSERT INTO COMMONS_TBL(GRP_ID, COM_ID, COM_VAL, PARENT_ID, EXP_VAL1, EXP_VAL2, EXP_VAL3) VALUES('GRP001', 'COM010', '부산진구', 'COM001', NULL, NULL, NULL);
INSERT INTO COMMONS_TBL(GRP_ID, COM_ID, COM_VAL, PARENT_ID, EXP_VAL1, EXP_VAL2, EXP_VAL3) VALUES('GRP001', 'COM011', '수영구', 'COM001', NULL, NULL, NULL);
INSERT INTO COMMONS_TBL(GRP_ID, COM_ID, COM_VAL, PARENT_ID, EXP_VAL1, EXP_VAL2, EXP_VAL3) VALUES('GRP001', 'COM012', '남구', 'COM001', NULL, NULL, NULL);
INSERT INTO COMMONS_TBL(GRP_ID, COM_ID, COM_VAL, PARENT_ID, EXP_VAL1, EXP_VAL2, EXP_VAL3) VALUES('GRP001', 'COM013', '동구', 'COM001', NULL, NULL, NULL);
INSERT INTO COMMONS_TBL(GRP_ID, COM_ID, COM_VAL, PARENT_ID, EXP_VAL1, EXP_VAL2, EXP_VAL3) VALUES('GRP001', 'COM014', '서구', 'COM001', NULL, NULL, NULL);
INSERT INTO COMMONS_TBL(GRP_ID, COM_ID, COM_VAL, PARENT_ID, EXP_VAL1, EXP_VAL2, EXP_VAL3) VALUES('GRP001', 'COM015', '중구', 'COM001', NULL, NULL, NULL);
INSERT INTO COMMONS_TBL(GRP_ID, COM_ID, COM_VAL, PARENT_ID, EXP_VAL1, EXP_VAL2, EXP_VAL3) VALUES('GRP001', 'COM016', '영도구', 'COM001', NULL, NULL, NULL);
INSERT INTO COMMONS_TBL(GRP_ID, COM_ID, COM_VAL, PARENT_ID, EXP_VAL1, EXP_VAL2, EXP_VAL3) VALUES('GRP001', 'COM017', '사하구', 'COM001', NULL, NULL, NULL);

INSERT INTO COMMONS_TBL(GRP_ID, COM_ID, COM_VAL, PARENT_ID, EXP_VAL1, EXP_VAL2, EXP_VAL3) VALUES('GRP002', 'COM101', '백신', 'root', NULL, NULL, NULL);
INSERT INTO COMMONS_TBL(GRP_ID, COM_ID, COM_VAL, PARENT_ID, EXP_VAL1, EXP_VAL2, EXP_VAL3) VALUES('GRP002', 'COM102', '화이자', 'COM101', NULL, NULL, NULL);
INSERT INTO COMMONS_TBL(GRP_ID, COM_ID, COM_VAL, PARENT_ID, EXP_VAL1, EXP_VAL2, EXP_VAL3) VALUES('GRP002', 'COM103', '모더나', 'COM101', NULL, NULL, NULL);
INSERT INTO COMMONS_TBL(GRP_ID, COM_ID, COM_VAL, PARENT_ID, EXP_VAL1, EXP_VAL2, EXP_VAL3) VALUES('GRP002', 'COM104', '아스트라제네카', 'COM101', NULL, NULL, NULL);
INSERT INTO COMMONS_TBL(GRP_ID, COM_ID, COM_VAL, PARENT_ID, EXP_VAL1, EXP_VAL2, EXP_VAL3) VALUES('GRP002', 'COM105', '얀센', 'COM101', NULL, NULL, NULL);
INSERT INTO COMMONS_TBL(GRP_ID, COM_ID, COM_VAL, PARENT_ID, EXP_VAL1, EXP_VAL2, EXP_VAL3) VALUES('GRP002', 'COM106', '노바백스', 'COM101', NULL, NULL, NULL);

INSERT INTO COMMONS_TBL(GRP_ID, COM_ID, COM_VAL, PARENT_ID, EXP_VAL1, EXP_VAL2, EXP_VAL3) VALUES('GRP003', 'COM201', '증상', 'root', NULL, NULL, NULL);
INSERT INTO COMMONS_TBL(GRP_ID, COM_ID, COM_VAL, PARENT_ID, EXP_VAL1, EXP_VAL2, EXP_VAL3) VALUES('GRP003', 'COM202', '내분비', 'COM201', NULL, NULL, NULL);
INSERT INTO COMMONS_TBL(GRP_ID, COM_ID, COM_VAL, PARENT_ID, EXP_VAL1, EXP_VAL2, EXP_VAL3) VALUES('GRP003', 'COM203', '호흡기', 'COM201', NULL, NULL, NULL);
INSERT INTO COMMONS_TBL(GRP_ID, COM_ID, COM_VAL, PARENT_ID, EXP_VAL1, EXP_VAL2, EXP_VAL3) VALUES('GRP003', 'COM204', '근육', 'COM201', NULL, NULL, NULL);
INSERT INTO COMMONS_TBL(GRP_ID, COM_ID, COM_VAL, PARENT_ID, EXP_VAL1, EXP_VAL2, EXP_VAL3) VALUES('GRP003', 'COM205', '소화기', 'COM201', NULL, NULL, NULL);
INSERT INTO COMMONS_TBL(GRP_ID, COM_ID, COM_VAL, PARENT_ID, EXP_VAL1, EXP_VAL2, EXP_VAL3) VALUES('GRP003', 'COM206', '비뇨기', 'COM201', NULL, NULL, NULL);
INSERT INTO COMMONS_TBL(GRP_ID, COM_ID, COM_VAL, PARENT_ID, EXP_VAL1, EXP_VAL2, EXP_VAL3) VALUES('GRP003', 'COM207', '림프계', 'COM201', NULL, NULL, NULL);
INSERT INTO COMMONS_TBL(GRP_ID, COM_ID, COM_VAL, PARENT_ID, EXP_VAL1, EXP_VAL2, EXP_VAL3) VALUES('GRP003', 'COM208', '신경계', 'COM201', NULL, NULL, NULL);
INSERT INTO COMMONS_TBL(GRP_ID, COM_ID, COM_VAL, PARENT_ID, EXP_VAL1, EXP_VAL2, EXP_VAL3) VALUES('GRP003', 'COM209', '피부계', 'COM201', NULL, NULL, NULL);
INSERT INTO COMMONS_TBL(GRP_ID, COM_ID, COM_VAL, PARENT_ID, EXP_VAL1, EXP_VAL2, EXP_VAL3) VALUES('GRP003', 'COM210', '심혈관계', 'COM201', NULL, NULL, NULL);
INSERT INTO COMMONS_TBL(GRP_ID, COM_ID, COM_VAL, PARENT_ID, EXP_VAL1, EXP_VAL2, EXP_VAL3) VALUES('GRP003', 'COM211', '생식기계', 'COM201', NULL, NULL, NULL);
INSERT INTO COMMONS_TBL(GRP_ID, COM_ID, COM_VAL, PARENT_ID, EXP_VAL1, EXP_VAL2, EXP_VAL3) VALUES('GRP003', 'COM212', '골격계', 'COM201', NULL, NULL, NULL);

INSERT INTO COMMONS_TBL(GRP_ID, COM_ID, COM_VAL, PARENT_ID, EXP_VAL1, EXP_VAL2, EXP_VAL3) VALUES('GRP004','COM301','진료과','root',NULL, NULL, NULL);
INSERT INTO COMMONS_TBL(GRP_ID, COM_ID, COM_VAL, PARENT_ID, EXP_VAL1, EXP_VAL2, EXP_VAL3) VALUES('GRP004','COM302','내과','COM301',NULL, NULL, NULL);
INSERT INTO COMMONS_TBL(GRP_ID, COM_ID, COM_VAL, PARENT_ID, EXP_VAL1, EXP_VAL2, EXP_VAL3) VALUES('GRP004','COM303','외과','COM301',NULL, NULL, NULL);
INSERT INTO COMMONS_TBL(GRP_ID, COM_ID, COM_VAL, PARENT_ID, EXP_VAL1, EXP_VAL2, EXP_VAL3) VALUES('GRP004','COM304','신경과','COM301',NULL, NULL, NULL);
INSERT INTO COMMONS_TBL(GRP_ID, COM_ID, COM_VAL, PARENT_ID, EXP_VAL1, EXP_VAL2, EXP_VAL3) VALUES('GRP004','COM305','피부과','COM301',NULL, NULL, NULL);
INSERT INTO COMMONS_TBL(GRP_ID, COM_ID, COM_VAL, PARENT_ID, EXP_VAL1, EXP_VAL2, EXP_VAL3) VALUES('GRP004','COM306','흉부외과','COM301',NULL, NULL, NULL);
INSERT INTO COMMONS_TBL(GRP_ID, COM_ID, COM_VAL, PARENT_ID, EXP_VAL1, EXP_VAL2, EXP_VAL3) VALUES('GRP004','COM307','이비인후과','COM301',NULL, NULL, NULL);
INSERT INTO COMMONS_TBL(GRP_ID, COM_ID, COM_VAL, PARENT_ID, EXP_VAL1, EXP_VAL2, EXP_VAL3) VALUES('GRP004','COM308','산부인과','COM301',NULL, NULL, NULL);
INSERT INTO COMMONS_TBL(GRP_ID, COM_ID, COM_VAL, PARENT_ID, EXP_VAL1, EXP_VAL2, EXP_VAL3) VALUES('GRP004','COM309','비뇨기과','COM301',NULL, NULL, NULL);
INSERT INTO COMMONS_TBL(GRP_ID, COM_ID, COM_VAL, PARENT_ID, EXP_VAL1, EXP_VAL2, EXP_VAL3) VALUES('GRP004','COM310','정형외과','COM301',NULL, NULL, NULL);

INSERT INTO COMMONS_TBL(GRP_ID, COM_ID, COM_VAL, PARENT_ID, EXP_VAL1, EXP_VAL2, EXP_VAL3) VALUES('GRP005','COM401','약','root', NULL, NULL, NULL);
INSERT INTO COMMONS_TBL(GRP_ID, COM_ID, COM_VAL, PARENT_ID, EXP_VAL1, EXP_VAL2, EXP_VAL3) VALUES('GRP005','COM402','타이레놀','COM401',2500, NULL, NULL);
INSERT INTO COMMONS_TBL(GRP_ID, COM_ID, COM_VAL, PARENT_ID, EXP_VAL1, EXP_VAL2, EXP_VAL3) VALUES('GRP005','COM403','게보린','COM401',3300, NULL, NULL);
INSERT INTO COMMONS_TBL(GRP_ID, COM_ID, COM_VAL, PARENT_ID, EXP_VAL1, EXP_VAL2, EXP_VAL3) VALUES('GRP005','COM404','펜잘','COM401',2700, NULL, NULL);
INSERT INTO COMMONS_TBL(GRP_ID, COM_ID, COM_VAL, PARENT_ID, EXP_VAL1, EXP_VAL2, EXP_VAL3) VALUES('GRP005','COM405','베아제','COM401',2900, NULL, NULL);
INSERT INTO COMMONS_TBL(GRP_ID, COM_ID, COM_VAL, PARENT_ID, EXP_VAL1, EXP_VAL2, EXP_VAL3) VALUES('GRP005','COM406','훼스탈','COM401',2750, NULL, NULL);
INSERT INTO COMMONS_TBL(GRP_ID, COM_ID, COM_VAL, PARENT_ID, EXP_VAL1, EXP_VAL2, EXP_VAL3) VALUES('GRP005','COM407','판피린','COM401',3000, NULL, NULL);
INSERT INTO COMMONS_TBL(GRP_ID, COM_ID, COM_VAL, PARENT_ID, EXP_VAL1, EXP_VAL2, EXP_VAL3) VALUES('GRP005','COM408','판콜에이','COM401',2550, NULL, NULL);
INSERT INTO COMMONS_TBL(GRP_ID, COM_ID, COM_VAL, PARENT_ID, EXP_VAL1, EXP_VAL2, EXP_VAL3) VALUES('GRP005','COM409','화이투벤','COM401',3100, NULL, NULL);
INSERT INTO COMMONS_TBL(GRP_ID, COM_ID, COM_VAL, PARENT_ID, EXP_VAL1, EXP_VAL2, EXP_VAL3) VALUES('GRP005','COM410','지르텍','COM401',4800, NULL, NULL);
INSERT INTO COMMONS_TBL(GRP_ID, COM_ID, COM_VAL, PARENT_ID, EXP_VAL1, EXP_VAL2, EXP_VAL3) VALUES('GRP005','COM411','테라플루','COM401',7000, NULL, NULL);
INSERT INTO COMMONS_TBL(GRP_ID, COM_ID, COM_VAL, PARENT_ID, EXP_VAL1, EXP_VAL2, EXP_VAL3) VALUES('GRP005','COM412','렘데시비르','COM401',100000, NULL, NULL);
INSERT INTO COMMONS_TBL(GRP_ID, COM_ID, COM_VAL, PARENT_ID, EXP_VAL1, EXP_VAL2, EXP_VAL3) VALUES('GRP005','COM413','팍스로비드','COM401',90000, NULL, NULL);
INSERT INTO COMMONS_TBL(GRP_ID, COM_ID, COM_VAL, PARENT_ID, EXP_VAL1, EXP_VAL2, EXP_VAL3) VALUES('GRP005','COM414','라제브리오','COM401',95000, NULL, NULL);

INSERT INTO COMMONS_TBL(GRP_ID, COM_ID, COM_VAL, PARENT_ID, EXP_VAL1, EXP_VAL2, EXP_VAL3) VALUES('GRP006', 'COM501', '병실', 'root', NULL, NULL, NULL);
INSERT INTO COMMONS_TBL(GRP_ID, COM_ID, COM_VAL, PARENT_ID, EXP_VAL1, EXP_VAL2, EXP_VAL3) VALUES('GRP006', 'COM502', '1인실', 'COM501', 200000, NULL, NULL);
INSERT INTO COMMONS_TBL(GRP_ID, COM_ID, COM_VAL, PARENT_ID, EXP_VAL1, EXP_VAL2, EXP_VAL3) VALUES('GRP006', 'COM503', '2인실', 'COM501', 90000, NULL, NULL);
INSERT INTO COMMONS_TBL(GRP_ID, COM_ID, COM_VAL, PARENT_ID, EXP_VAL1, EXP_VAL2, EXP_VAL3) VALUES('GRP006', 'COM504', '3인실', 'COM501', 50000, NULL, NULL);
INSERT INTO COMMONS_TBL(GRP_ID, COM_ID, COM_VAL, PARENT_ID, EXP_VAL1, EXP_VAL2, EXP_VAL3) VALUES('GRP006', 'COM505', '4인실', 'COM501', 30000, NULL, NULL);
INSERT INTO COMMONS_TBL(GRP_ID, COM_ID, COM_VAL, PARENT_ID, EXP_VAL1, EXP_VAL2, EXP_VAL3) VALUES('GRP006', 'COM506', '6인실', 'COM501', 15000, NULL, NULL);
INSERT INTO COMMONS_TBL(GRP_ID, COM_ID, COM_VAL, PARENT_ID, EXP_VAL1, EXP_VAL2, EXP_VAL3) VALUES('GRP006', 'COM507', '중환자실', 'COM501', 70000, NULL, NULL);


CREATE TABLE VACCINE_TBL ( -- 백신 종류
	VAC_ID		        CHAR(6)		    NOT NULL PRIMARY KEY,		-- 백신 ID
	VAC_NAME_GRP	    CHAR(6)		    NOT NULL,		-- 백신 이름 (공통)
	VAC_NAME	        CHAR(6)			NOT NULL,		-- 백신 이름
	VAC_DOSE	        NUMBER	        NOT NULL,		-- 백신 투입량
	VAC_TEMP	        NUMBER	        NOT NULL		-- 백신 보관 온도
);

INSERT INTO VACCINE_TBL (VAC_ID, VAC_NAME_GRP, VAC_NAME, VAC_DOSE, VAC_TEMP) VALUES('VAC001', 'GRP002', 'COM102', 50, -20);
INSERT INTO VACCINE_TBL (VAC_ID, VAC_NAME_GRP, VAC_NAME, VAC_DOSE, VAC_TEMP) VALUES('VAC002', 'GRP002', 'COM103', 30, -17);
INSERT INTO VACCINE_TBL (VAC_ID, VAC_NAME_GRP, VAC_NAME, VAC_DOSE, VAC_TEMP) VALUES('VAC003', 'GRP002', 'COM104', 50, -23);
INSERT INTO VACCINE_TBL (VAC_ID, VAC_NAME_GRP, VAC_NAME, VAC_DOSE, VAC_TEMP) VALUES('VAC004', 'GRP002', 'COM105', 20, -26);
INSERT INTO VACCINE_TBL (VAC_ID, VAC_NAME_GRP, VAC_NAME, VAC_DOSE, VAC_TEMP) VALUES('VAC005', 'GRP002', 'COM106', 40, -18);



CREATE TABLE HOSPITAL_TBL ( -- 병원
	HOS_ID	        CHAR(6)		    NOT NULL PRIMARY KEY,		-- 병원 ID
	HOS_NAME	    VARCHAR2(100)	NOT NULL,		-- 병원 이름
	HOS_ADDR_GRP	CHAR(6)		    NOT NULL,		-- 병원 GRP (공통)
	HOS_ADDR	    CHAR(6)		    NOT NULL,		-- 병원 주소 (공통)
	HOS_ROOM_QTY	NUMBER		    NOT  NULL,  	-- 병원 총 병상 수 QTY 
	HOS_OPEN_DATE	DATE		    NOT NULL		-- 병원 개원일
);

INSERT INTO HOSPITAL_TBL(HOS_ID, HOS_NAME, HOS_ADDR_GRP, HOS_ADDR, HOS_ROOM_QTY, HOS_OPEN_DATE) VALUES('HOS001', '기장병원', 'GRP001', 'COM002', 120, TO_DATE('1980-05-01','YYYY-MM-DD'));
INSERT INTO HOSPITAL_TBL(HOS_ID, HOS_NAME, HOS_ADDR_GRP, HOS_ADDR, HOS_ROOM_QTY, HOS_OPEN_DATE) VALUES('HOS002', '금정병원', 'GRP001', 'COM003', 110, TO_DATE('1985-07-01','YYYY-MM-DD'));
INSERT INTO HOSPITAL_TBL(HOS_ID, HOS_NAME, HOS_ADDR_GRP, HOS_ADDR, HOS_ROOM_QTY, HOS_OPEN_DATE) VALUES('HOS003', '동래병원', 'GRP001', 'COM004', 150, TO_DATE('1991-01-01','YYYY-MM-DD'));
INSERT INTO HOSPITAL_TBL(HOS_ID, HOS_NAME, HOS_ADDR_GRP, HOS_ADDR, HOS_ROOM_QTY, HOS_OPEN_DATE) VALUES('HOS004', '북구병원', 'GRP001', 'COM005', 70, TO_DATE('1996-09-01','YYYY-MM-DD'));
INSERT INTO HOSPITAL_TBL(HOS_ID, HOS_NAME, HOS_ADDR_GRP, HOS_ADDR, HOS_ROOM_QTY, HOS_OPEN_DATE) VALUES('HOS005', '강서병원', 'GRP001', 'COM006', 70, TO_DATE('1997-12-01','YYYY-MM-DD'));
INSERT INTO HOSPITAL_TBL(HOS_ID, HOS_NAME, HOS_ADDR_GRP, HOS_ADDR, HOS_ROOM_QTY, HOS_OPEN_DATE) VALUES('HOS006', '해운대병원', 'GRP001', 'COM007', 170, TO_DATE('1998-03-01','YYYY-MM-DD'));
INSERT INTO HOSPITAL_TBL(HOS_ID, HOS_NAME, HOS_ADDR_GRP, HOS_ADDR, HOS_ROOM_QTY, HOS_OPEN_DATE) VALUES('HOS007', '연제병원', 'GRP001', 'COM008', 110, TO_DATE('1999-08-01','YYYY-MM-DD'));
INSERT INTO HOSPITAL_TBL(HOS_ID, HOS_NAME, HOS_ADDR_GRP, HOS_ADDR, HOS_ROOM_QTY, HOS_OPEN_DATE) VALUES('HOS008', '사상병원', 'GRP001', 'COM009', 90, TO_DATE('2002-02-01','YYYY-MM-DD'));
INSERT INTO HOSPITAL_TBL(HOS_ID, HOS_NAME, HOS_ADDR_GRP, HOS_ADDR, HOS_ROOM_QTY, HOS_OPEN_DATE) VALUES('HOS009', '부산진구병원', 'GRP001', 'COM010', 100, TO_DATE('1996-02-04', 'YYYY-MM-DD'));
INSERT INTO HOSPITAL_TBL(HOS_ID, HOS_NAME, HOS_ADDR_GRP, HOS_ADDR, HOS_ROOM_QTY, HOS_OPEN_DATE) VALUES('HOS010', '수영구병원', 'GRP001', 'COM011', 200, TO_DATE('1987-07-24', 'YYYY-MM-DD'));
INSERT INTO HOSPITAL_TBL(HOS_ID, HOS_NAME, HOS_ADDR_GRP, HOS_ADDR, HOS_ROOM_QTY, HOS_OPEN_DATE) VALUES('HOS011', '남구병원', 'GRP001', 'COM012', 150, TO_DATE('1973-01-16', 'YYYY-MM-DD'));
INSERT INTO HOSPITAL_TBL(HOS_ID, HOS_NAME, HOS_ADDR_GRP, HOS_ADDR, HOS_ROOM_QTY, HOS_OPEN_DATE) VALUES('HOS012', '동구병원', 'GRP001', 'COM013', 160, TO_DATE('2000-07-14', 'YYYY-MM-DD'));
INSERT INTO HOSPITAL_TBL(HOS_ID, HOS_NAME, HOS_ADDR_GRP, HOS_ADDR, HOS_ROOM_QTY, HOS_OPEN_DATE) VALUES('HOS013', '서구병원', 'GRP001', 'COM014', 120, TO_DATE('1978-09-12', 'YYYY-MM-DD'));
INSERT INTO HOSPITAL_TBL(HOS_ID, HOS_NAME, HOS_ADDR_GRP, HOS_ADDR, HOS_ROOM_QTY, HOS_OPEN_DATE) VALUES('HOS014', '중구병원', 'GRP001', 'COM015', 130, TO_DATE('1985-12-01', 'YYYY-MM-DD'));
INSERT INTO HOSPITAL_TBL(HOS_ID, HOS_NAME, HOS_ADDR_GRP, HOS_ADDR, HOS_ROOM_QTY, HOS_OPEN_DATE) VALUES('HOS015', '영도구병원', 'GRP001', 'COM016', 140, TO_DATE('1988-11-23', 'YYYY-MM-DD'));
INSERT INTO HOSPITAL_TBL(HOS_ID, HOS_NAME, HOS_ADDR_GRP, HOS_ADDR, HOS_ROOM_QTY, HOS_OPEN_DATE) VALUES('HOS016', '사하구병원', 'GRP001', 'COM017', 180, TO_DATE('1995-04-29', 'YYYY-MM-DD'));

CREATE TABLE VACCINE_IN_TBL ( -- 백신 입고
	IDX	            NUMBER 		    NOT NULL,		-- 순서
	HOS_ID	        CHAR(6)		    NOT NULL,		-- 병원 ID
	VAC_ID	        CHAR(6)		    NOT NULL,		-- 백신 ID
	VAC_QTY	        NUMBER		    NOT NULL,		-- 백신 수량
	VAC_IN_DATE	    DATE		    NOT NULL		-- 백신 입고일
);

--기장병원
INSERT INTO VACCINE_IN_TBL(IDX, HOS_ID, VAC_ID, VAC_QTY, VAC_IN_DATE) VALUES(1, 'HOS001', 'VAC001', 20, TO_DATE('2022-03-01 08:00:00', 'YYYY-MM-DD HH24:MI:SS'));
INSERT INTO VACCINE_IN_TBL(IDX, HOS_ID, VAC_ID, VAC_QTY, VAC_IN_DATE) VALUES(2, 'HOS001', 'VAC002', 30, TO_DATE('2022-03-01 08:00:00', 'YYYY-MM-DD HH24:MI:SS'));
INSERT INTO VACCINE_IN_TBL(IDX, HOS_ID, VAC_ID, VAC_QTY, VAC_IN_DATE) VALUES(3, 'HOS001', 'VAC003', 40, TO_DATE('2022-03-01 08:00:00', 'YYYY-MM-DD HH24:MI:SS'));

-- 금정구 병원
INSERT INTO VACCINE_IN_TBL(IDX, HOS_ID, VAC_ID, VAC_QTY, VAC_IN_DATE) VALUES(4, 'HOS002', 'VAC002', 30, TO_DATE('2022-03-01 08:00:00', 'YYYY-MM-DD HH24:MI:SS'));
INSERT INTO VACCINE_IN_TBL(IDX, HOS_ID, VAC_ID, VAC_QTY, VAC_IN_DATE) VALUES(5, 'HOS002', 'VAC003', 10, TO_DATE('2022-03-01 08:00:00', 'YYYY-MM-DD HH24:MI:SS'));
-- 동래병원
INSERT INTO VACCINE_IN_TBL(IDX, HOS_ID, VAC_ID, VAC_QTY, VAC_IN_DATE) VALUES(6, 'HOS003', 'VAC001', 20, TO_DATE('2022-03-01 08:00:00', 'YYYY-MM-DD HH24:MI:SS'));
INSERT INTO VACCINE_IN_TBL(IDX, HOS_ID, VAC_ID, VAC_QTY, VAC_IN_DATE) VALUES(7, 'HOS003', 'VAC002', 20, TO_DATE('2022-03-01 08:00:00', 'YYYY-MM-DD HH24:MI:SS'));
INSERT INTO VACCINE_IN_TBL(IDX, HOS_ID, VAC_ID, VAC_QTY, VAC_IN_DATE) VALUES(8, 'HOS003', 'VAC004', 20, TO_DATE('2022-03-01 08:00:00', 'YYYY-MM-DD HH24:MI:SS'));
INSERT INTO VACCINE_IN_TBL(IDX, HOS_ID, VAC_ID, VAC_QTY, VAC_IN_DATE) VALUES(9, 'HOS003', 'VAC005', 20, TO_DATE('2022-03-01 08:00:00', 'YYYY-MM-DD HH24:MI:SS'));
-- 북구병원
INSERT INTO VACCINE_IN_TBL(IDX, HOS_ID, VAC_ID, VAC_QTY, VAC_IN_DATE) VALUES(10, 'HOS004', 'VAC001', 20, TO_DATE('2022-03-01 08:00:00', 'YYYY-MM-DD HH24:MI:SS'));
INSERT INTO VACCINE_IN_TBL(IDX, HOS_ID, VAC_ID, VAC_QTY, VAC_IN_DATE) VALUES(11, 'HOS004', 'VAC002', 20, TO_DATE('2022-03-01 08:00:00', 'YYYY-MM-DD HH24:MI:SS'));
INSERT INTO VACCINE_IN_TBL(IDX, HOS_ID, VAC_ID, VAC_QTY, VAC_IN_DATE) VALUES(12, 'HOS004', 'VAC003', 20, TO_DATE('2022-03-01 08:00:00', 'YYYY-MM-DD HH24:MI:SS'));
INSERT INTO VACCINE_IN_TBL(IDX, HOS_ID, VAC_ID, VAC_QTY, VAC_IN_DATE) VALUES(13, 'HOS004', 'VAC004', 20, TO_DATE('2022-03-01 08:00:00', 'YYYY-MM-DD HH24:MI:SS'));
-- 강서병원
INSERT INTO VACCINE_IN_TBL(IDX, HOS_ID, VAC_ID, VAC_QTY, VAC_IN_DATE) VALUES(14, 'HOS005', 'VAC001', 20, TO_DATE('2022-03-01 08:00:00', 'YYYY-MM-DD HH24:MI:SS'));
INSERT INTO VACCINE_IN_TBL(IDX, HOS_ID, VAC_ID, VAC_QTY, VAC_IN_DATE) VALUES(15, 'HOS005', 'VAC002', 20, TO_DATE('2022-03-01 08:00:00', 'YYYY-MM-DD HH24:MI:SS'));
INSERT INTO VACCINE_IN_TBL(IDX, HOS_ID, VAC_ID, VAC_QTY, VAC_IN_DATE) VALUES(16, 'HOS005', 'VAC003', 20, TO_DATE('2022-03-01 08:00:00', 'YYYY-MM-DD HH24:MI:SS'));
--해운대 병원
INSERT INTO VACCINE_IN_TBL(IDX, HOS_ID, VAC_ID, VAC_QTY, VAC_IN_DATE) VALUES(17, 'HOS006', 'VAC001', 20, TO_DATE('2022-03-01 08:00:00', 'YYYY-MM-DD HH24:MI:SS'));
INSERT INTO VACCINE_IN_TBL(IDX, HOS_ID, VAC_ID, VAC_QTY, VAC_IN_DATE) VALUES(18, 'HOS006', 'VAC002', 20, TO_DATE('2022-03-01 08:00:00', 'YYYY-MM-DD HH24:MI:SS'));
INSERT INTO VACCINE_IN_TBL(IDX, HOS_ID, VAC_ID, VAC_QTY, VAC_IN_DATE) VALUES(19, 'HOS006', 'VAC003', 20, TO_DATE('2022-03-01 08:00:00', 'YYYY-MM-DD HH24:MI:SS'));
INSERT INTO VACCINE_IN_TBL(IDX, HOS_ID, VAC_ID, VAC_QTY, VAC_IN_DATE) VALUES(20, 'HOS006', 'VAC004', 20, TO_DATE('2022-03-01 08:00:00', 'YYYY-MM-DD HH24:MI:SS'));
INSERT INTO VACCINE_IN_TBL(IDX, HOS_ID, VAC_ID, VAC_QTY, VAC_IN_DATE) VALUES(21, 'HOS006', 'VAC005', 20, TO_DATE('2022-03-01 08:00:00', 'YYYY-MM-DD HH24:MI:SS'));
-- 연제병원
INSERT INTO VACCINE_IN_TBL(IDX,HOS_ID,VAC_ID,VAC_QTY,VAC_IN_DATE)VALUES(22, 'HOS007', 'VAC001', 3, TO_DATE('2022-03-01 08:00:00', 'YYYY-MM-DD HH24:MI:SS'));
INSERT INTO VACCINE_IN_TBL(IDX,HOS_ID,VAC_ID,VAC_QTY,VAC_IN_DATE)VALUES(23, 'HOS007', 'VAC002', 4, TO_DATE('2022-03-01 08:00:00', 'YYYY-MM-DD HH24:MI:SS'));
INSERT INTO VACCINE_IN_TBL(IDX,HOS_ID,VAC_ID,VAC_QTY,VAC_IN_DATE)VALUES(24, 'HOS007', 'VAC003', 2, TO_DATE('2022-03-01 08:00:00', 'YYYY-MM-DD HH24:MI:SS'));
-- 사상병원
INSERT INTO VACCINE_IN_TBL(IDX,HOS_ID,VAC_ID,VAC_QTY,VAC_IN_DATE)VALUES(25, 'HOS008', 'VAC001', 2, TO_DATE('2022-03-01 08:12:00', 'YYYY-MM-DD HH24:MI:SS'));
INSERT INTO VACCINE_IN_TBL(IDX,HOS_ID,VAC_ID,VAC_QTY,VAC_IN_DATE)VALUES(26, 'HOS008', 'VAC004', 4, TO_DATE('2022-03-01 08:12:00', 'YYYY-MM-DD HH24:MI:SS'));
INSERT INTO VACCINE_IN_TBL(IDX,HOS_ID,VAC_ID,VAC_QTY,VAC_IN_DATE)VALUES(27, 'HOS008', 'VAC005', 3, TO_DATE('2022-03-01 08:12:00', 'YYYY-MM-DD HH24:MI:SS'));
--부산진구 병원
INSERT INTO VACCINE_IN_TBL(IDX,HOS_ID,VAC_ID,VAC_QTY,VAC_IN_DATE)VALUES(28, 'HOS009', 'VAC002', 2, TO_DATE('2022-03-01 08:14:00', 'YYYY-MM-DD HH24:MI:SS'));
INSERT INTO VACCINE_IN_TBL(IDX,HOS_ID,VAC_ID,VAC_QTY,VAC_IN_DATE)VALUES(29, 'HOS009', 'VAC004', 5, TO_DATE('2022-03-01 08:14:00', 'YYYY-MM-DD HH24:MI:SS'));
INSERT INTO VACCINE_IN_TBL(IDX,HOS_ID,VAC_ID,VAC_QTY,VAC_IN_DATE)VALUES(30, 'HOS009', 'VAC003', 3, TO_DATE('2022-03-01 08:14:00', 'YYYY-MM-DD HH24:MI:SS'));
--수영구 병원
INSERT INTO VACCINE_IN_TBL(IDX,HOS_ID,VAC_ID,VAC_QTY,VAC_IN_DATE)VALUES(31, 'HOS010', 'VAC003', 1, TO_DATE('2022-03-01 08:15:00', 'YYYY-MM-DD HH24:MI:SS'));
INSERT INTO VACCINE_IN_TBL(IDX,HOS_ID,VAC_ID,VAC_QTY,VAC_IN_DATE)VALUES(32, 'HOS010', 'VAC001', 6, TO_DATE('2022-03-01 08:15:00', 'YYYY-MM-DD HH24:MI:SS'));
INSERT INTO VACCINE_IN_TBL(IDX,HOS_ID,VAC_ID,VAC_QTY,VAC_IN_DATE)VALUES(33, 'HOS010', 'VAC004', 3, TO_DATE('2022-03-01 08:15:00', 'YYYY-MM-DD HH24:MI:SS'));
--남구 병원
INSERT INTO VACCINE_IN_TBL(IDX,HOS_ID,VAC_ID,VAC_QTY,VAC_IN_DATE)VALUES(34, 'HOS011', 'VAC001', 4, TO_DATE('2022-03-01 08:16:00', 'YYYY-MM-DD HH24:MI:SS'));
INSERT INTO VACCINE_IN_TBL(IDX,HOS_ID,VAC_ID,VAC_QTY,VAC_IN_DATE)VALUES(35, 'HOS011', 'VAC002', 1, TO_DATE('2022-03-01 08:16:00', 'YYYY-MM-DD HH24:MI:SS'));
INSERT INTO VACCINE_IN_TBL(IDX,HOS_ID,VAC_ID,VAC_QTY,VAC_IN_DATE)VALUES(36, 'HOS011', 'VAC005', 3, TO_DATE('2022-03-01 08:16:00', 'YYYY-MM-DD HH24:MI:SS'));
--동구병원
INSERT INTO VACCINE_IN_TBL(IDX, HOS_ID, VAC_ID, VAC_QTY, VAC_IN_DATE) VALUES(37,'HOS012','VAC001',3, TO_DATE('2022-03-01 08:20:30','YYYY-MM-DD HH24:MI:SS'));
INSERT INTO VACCINE_IN_TBL(IDX, HOS_ID, VAC_ID, VAC_QTY, VAC_IN_DATE) VALUES(38,'HOS012','VAC002',2, TO_DATE('2022-03-01 08:30:30','YYYY-MM-DD HH24:MI:SS'));
INSERT INTO VACCINE_IN_TBL(IDX, HOS_ID, VAC_ID, VAC_QTY, VAC_IN_DATE) VALUES(39,'HOS012','VAC003',5, TO_DATE('2022-03-01 08:20:30','YYYY-MM-DD HH24:MI:SS'));
--서구병원
INSERT INTO VACCINE_IN_TBL(IDX, HOS_ID, VAC_ID, VAC_QTY, VAC_IN_DATE) VALUES(40,'HOS013','VAC001',7, TO_DATE('2022-03-01 08:10:30','YYYY-MM-DD HH24:MI:SS'));
INSERT INTO VACCINE_IN_TBL(IDX, HOS_ID, VAC_ID, VAC_QTY, VAC_IN_DATE) VALUES(41,'HOS013','VAC002',5, TO_DATE('2022-03-01 08:23:30','YYYY-MM-DD HH24:MI:SS'));
INSERT INTO VACCINE_IN_TBL(IDX, HOS_ID, VAC_ID, VAC_QTY, VAC_IN_DATE) VALUES(42,'HOS013','VAC004',1, TO_DATE('2022-03-01 08:26:30','YYYY-MM-DD HH24:MI:SS'));
--중구병원
INSERT INTO VACCINE_IN_TBL(IDX, HOS_ID, VAC_ID, VAC_QTY, VAC_IN_DATE) VALUES(43,'HOS014','VAC001',6, TO_DATE('2022-03-01 08:43:30','YYYY-MM-DD HH24:MI:SS'));
INSERT INTO VACCINE_IN_TBL(IDX, HOS_ID, VAC_ID, VAC_QTY, VAC_IN_DATE) VALUES(44,'HOS014','VAC002',1, TO_DATE('2022-03-01 08:47:30','YYYY-MM-DD HH24:MI:SS'));
INSERT INTO VACCINE_IN_TBL(IDX, HOS_ID, VAC_ID, VAC_QTY, VAC_IN_DATE) VALUES(45,'HOS014','VAC003',4, TO_DATE('2022-03-01 08:57:30','YYYY-MM-DD HH24:MI:SS'));
INSERT INTO VACCINE_IN_TBL(IDX, HOS_ID, VAC_ID, VAC_QTY, VAC_IN_DATE) VALUES(46,'HOS014','VAC005',1, TO_DATE('2022-03-01 08:24:30','YYYY-MM-DD HH24:MI:SS'));
--영도구병원
INSERT INTO VACCINE_IN_TBL(IDX, HOS_ID, VAC_ID, VAC_QTY, VAC_IN_DATE) VALUES(47,'HOS015','VAC001',4, TO_DATE('2022-03-01 08:24:30','YYYY-MM-DD HH24:MI:SS'));
INSERT INTO VACCINE_IN_TBL(IDX, HOS_ID, VAC_ID, VAC_QTY, VAC_IN_DATE) VALUES(48,'HOS015','VAC002',5, TO_DATE('2022-03-01 08:25:30','YYYY-MM-DD HH24:MI:SS'));
INSERT INTO VACCINE_IN_TBL(IDX, HOS_ID, VAC_ID, VAC_QTY, VAC_IN_DATE) VALUES(49,'HOS015','VAC004',2, TO_DATE('2022-03-01 08:14:30','YYYY-MM-DD HH24:MI:SS'));
INSERT INTO VACCINE_IN_TBL(IDX, HOS_ID, VAC_ID, VAC_QTY, VAC_IN_DATE) VALUES(50,'HOS015','VAC005',1, TO_DATE('2022-03-01 08:23:30','YYYY-MM-DD HH24:MI:SS'));
--사하구병원
INSERT INTO VACCINE_IN_TBL(IDX, HOS_ID, VAC_ID, VAC_QTY, VAC_IN_DATE) VALUES(51,'HOS016','VAC001',2, TO_DATE('2022-03-01 08:13:30','YYYY-MM-DD HH24:MI:SS'));
INSERT INTO VACCINE_IN_TBL(IDX, HOS_ID, VAC_ID, VAC_QTY, VAC_IN_DATE) VALUES(52,'HOS016','VAC002',4, TO_DATE('2022-03-01 08:43:30','YYYY-MM-DD HH24:MI:SS'));
INSERT INTO VACCINE_IN_TBL(IDX, HOS_ID, VAC_ID, VAC_QTY, VAC_IN_DATE) VALUES(53,'HOS016','VAC003',5, TO_DATE('2022-03-01 08:00:30','YYYY-MM-DD HH24:MI:SS'));


CREATE TABLE DOCTOR_TBL ( -- 의사
	DOC_ID	        CHAR(6)		    NOT NULL PRIMARY KEY,		-- 의사ID
	DOC_NAME	    VARCHAR2(20)    NOT NULL,		-- 의사 이름
	DOC_GENDER	    CHAR(1)		    NOT NULL,		-- 의사 성별
	HOS_ID	        CHAR(6)		    NOT NULL,		-- 병원 ID
	DOC_DEPT_GRP	CHAR(6)		    NOT NULL,		-- 의사 전공 GRP
	DOC_DEPT	    CHAR(6)		    NOT NULL		-- 의사 전공
);

INSERT INTO DOCTOR_TBL (DOC_ID, DOC_NAME, DOC_GENDER, HOS_ID, DOC_DEPT_GRP, DOC_DEPT)
VALUES ('DOC001', '강동근', 'M', 'HOS001', 'GRP004', 'COM302');
INSERT INTO DOCTOR_TBL (DOC_ID, DOC_NAME, DOC_GENDER, HOS_ID, DOC_DEPT_GRP, DOC_DEPT)
VALUES ('DOC002', '권선영', 'F', 'HOS001', 'GRP004', 'COM303');
INSERT INTO DOCTOR_TBL (DOC_ID, DOC_NAME, DOC_GENDER, HOS_ID, DOC_DEPT_GRP, DOC_DEPT)
VALUES ('DOC003', '김시영', 'F', 'HOS002', 'GRP004', 'COM302');
INSERT INTO DOCTOR_TBL (DOC_ID, DOC_NAME, DOC_GENDER, HOS_ID, DOC_DEPT_GRP, DOC_DEPT)
VALUES ('DOC004', '김정희', 'M', 'HOS002', 'GRP004', 'COM304');
INSERT INTO DOCTOR_TBL (DOC_ID, DOC_NAME, DOC_GENDER, HOS_ID, DOC_DEPT_GRP, DOC_DEPT)
VALUES ('DOC005', '박진교', 'M', 'HOS003', 'GRP004', 'COM302');
INSERT INTO DOCTOR_TBL (DOC_ID, DOC_NAME, DOC_GENDER, HOS_ID, DOC_DEPT_GRP, DOC_DEPT)
VALUES ('DOC006', '박효진', 'F', 'HOS003', 'GRP004', 'COM305');
INSERT INTO DOCTOR_TBL (DOC_ID, DOC_NAME, DOC_GENDER, HOS_ID, DOC_DEPT_GRP, DOC_DEPT)
VALUES ('DOC007', '박희은', 'F', 'HOS004', 'GRP004', 'COM306');
INSERT INTO DOCTOR_TBL (DOC_ID, DOC_NAME, DOC_GENDER, HOS_ID, DOC_DEPT_GRP, DOC_DEPT)
VALUES ('DOC008', '성동근', 'M', 'HOS004', 'GRP004', 'COM307');
INSERT INTO DOCTOR_TBL (DOC_ID, DOC_NAME, DOC_GENDER, HOS_ID, DOC_DEPT_GRP, DOC_DEPT)
VALUES ('DOC009', '성찬홍', 'M', 'HOS005', 'GRP004', 'COM305');
INSERT INTO DOCTOR_TBL (DOC_ID, DOC_NAME, DOC_GENDER, HOS_ID, DOC_DEPT_GRP, DOC_DEPT)
VALUES ('DOC010', '신용훈', 'M', 'HOS005', 'GRP004', 'COM306');
INSERT INTO DOCTOR_TBL (DOC_ID, DOC_NAME, DOC_GENDER, HOS_ID, DOC_DEPT_GRP, DOC_DEPT)
VALUES ('DOC011', '안선미', 'F', 'HOS006', 'GRP004', 'COM308');
INSERT INTO DOCTOR_TBL (DOC_ID, DOC_NAME, DOC_GENDER, HOS_ID, DOC_DEPT_GRP, DOC_DEPT)
VALUES ('DOC012', '양동귀', 'M', 'HOS006', 'GRP004', 'COM310');
INSERT INTO DOCTOR_TBL (DOC_ID, DOC_NAME, DOC_GENDER, HOS_ID, DOC_DEPT_GRP, DOC_DEPT)
VALUES ('DOC013', '오성훈', 'M', 'HOS007', 'GRP004', 'COM309');
INSERT INTO DOCTOR_TBL (DOC_ID, DOC_NAME, DOC_GENDER, HOS_ID, DOC_DEPT_GRP, DOC_DEPT)
VALUES ('DOC014', '원재경', 'F', 'HOS007', 'GRP004', 'COM306');
INSERT INTO DOCTOR_TBL (DOC_ID, DOC_NAME, DOC_GENDER, HOS_ID, DOC_DEPT_GRP, DOC_DEPT)
VALUES ('DOC015', '유승화', 'F', 'HOS008', 'GRP004', 'COM307');
INSERT INTO DOCTOR_TBL (DOC_ID, DOC_NAME, DOC_GENDER, HOS_ID, DOC_DEPT_GRP, DOC_DEPT)
VALUES ('DOC016', '이아라', 'F', 'HOS008', 'GRP004', 'COM308');
INSERT INTO DOCTOR_TBL (DOC_ID, DOC_NAME, DOC_GENDER, HOS_ID, DOC_DEPT_GRP, DOC_DEPT)
VALUES ('DOC017', '이정화', 'F', 'HOS009', 'GRP004', 'COM310');
INSERT INTO DOCTOR_TBL (DOC_ID, DOC_NAME, DOC_GENDER, HOS_ID, DOC_DEPT_GRP, DOC_DEPT)
VALUES ('DOC018', '전인호', 'M', 'HOS009', 'GRP004', 'COM308');
INSERT INTO DOCTOR_TBL (DOC_ID, DOC_NAME, DOC_GENDER, HOS_ID, DOC_DEPT_GRP, DOC_DEPT)
VALUES ('DOC019', '정병윤', 'M', 'HOS010', 'GRP004', 'COM303');
INSERT INTO DOCTOR_TBL (DOC_ID, DOC_NAME, DOC_GENDER, HOS_ID, DOC_DEPT_GRP, DOC_DEPT)
VALUES ('DOC020', '정성균', 'M', 'HOS010', 'GRP004', 'COM309');
INSERT INTO DOCTOR_TBL (DOC_ID, DOC_NAME, DOC_GENDER, HOS_ID, DOC_DEPT_GRP, DOC_DEPT)
VALUES ('DOC021', '최문준', 'M', 'HOS011', 'GRP004', 'COM306');
INSERT INTO DOCTOR_TBL (DOC_ID, DOC_NAME, DOC_GENDER, HOS_ID, DOC_DEPT_GRP, DOC_DEPT)
VALUES ('DOC022', '최유나', 'F', 'HOS011', 'GRP004', 'COM307');
INSERT INTO DOCTOR_TBL (DOC_ID, DOC_NAME, DOC_GENDER, HOS_ID, DOC_DEPT_GRP, DOC_DEPT)
VALUES ('DOC023', '한상진', 'M', 'HOS012', 'GRP004', 'COM305');
INSERT INTO DOCTOR_TBL (DOC_ID, DOC_NAME, DOC_GENDER, HOS_ID, DOC_DEPT_GRP, DOC_DEPT)
VALUES ('DOC024', '이지완', 'M', 'HOS012', 'GRP004', 'COM309');
INSERT INTO DOCTOR_TBL (DOC_ID, DOC_NAME, DOC_GENDER, HOS_ID, DOC_DEPT_GRP, DOC_DEPT)
VALUES ('DOC025', '김장현', 'M', 'HOS013', 'GRP004', 'COM310');
INSERT INTO DOCTOR_TBL (DOC_ID, DOC_NAME, DOC_GENDER, HOS_ID, DOC_DEPT_GRP, DOC_DEPT)
VALUES ('DOC026', '배뽀또', 'M', 'HOS013', 'GRP004', 'COM303');
INSERT INTO DOCTOR_TBL (DOC_ID, DOC_NAME, DOC_GENDER, HOS_ID, DOC_DEPT_GRP, DOC_DEPT)
VALUES ('DOC027', '권망고', 'M', 'HOS014', 'GRP004', 'COM304');
INSERT INTO DOCTOR_TBL (DOC_ID, DOC_NAME, DOC_GENDER, HOS_ID, DOC_DEPT_GRP, DOC_DEPT)
VALUES ('DOC028', '백시루', 'M', 'HOS014', 'GRP004', 'COM302');
INSERT INTO DOCTOR_TBL (DOC_ID, DOC_NAME, DOC_GENDER, HOS_ID, DOC_DEPT_GRP, DOC_DEPT)
VALUES ('DOC029', '박길동', 'M', 'HOS015', 'GRP004', 'COM303');
INSERT INTO DOCTOR_TBL (DOC_ID, DOC_NAME, DOC_GENDER, HOS_ID, DOC_DEPT_GRP, DOC_DEPT)
VALUES ('DOC030', '김누룽지', 'F', 'HOS015', 'GRP004', 'COM308');
INSERT INTO DOCTOR_TBL (DOC_ID, DOC_NAME, DOC_GENDER, HOS_ID, DOC_DEPT_GRP, DOC_DEPT)
VALUES ('DOC031', '호두기', 'F', 'HOS016', 'GRP004', 'COM309');
INSERT INTO DOCTOR_TBL (DOC_ID, DOC_NAME, DOC_GENDER, HOS_ID, DOC_DEPT_GRP, DOC_DEPT)
VALUES ('DOC032', '차현', 'M', 'HOS016', 'GRP004', 'COM310');

CREATE TABLE RESERVATION_TBL ( -- 예약
	RES_ID	    CHAR(6)		    NOT NULL PRIMARY KEY,	-- 예약 ID
	PER_ID	    VARCHAR2(20)	NOT NULL,				-- 사람 ID
	HOS_ID	    CHAR(6)		    NOT NULL,				-- 병원 ID
	VAC_ID	    CHAR(6)		    NOT NULL,				-- 백신 ID
	RES_DATE	DATE		    NOT NULL				-- 예약일
);


CREATE TABLE INJECTION_TBL ( -- 접종 완료
	RES_ID	    CHAR(6)		NOT NULL PRIMARY KEY,	-- 접종 ID
	INJ_DATE	DATE		NOT NULL,				-- 접종일
	INJ_CNT	    NUMBER		NOT NULL				-- 접종 차수
);


CREATE TABLE PATIENT_TBL( -- 병원 방문자
    PAT_ID          CHAR(6)         NOT NULL    PRIMARY KEY,	-- 방문자ID
    PER_ID          VARCHAR2(20)    NOT NULL,					-- 사람 ID
    PAT_SYMP_GRP    CHAR(6)         NOT NULL,					-- 증상 GRP
    PAT_SYMP        CHAR(6)         NOT NULL,					-- 증상	
    PAT_IN_DATE     DATE            NOT NULL,					-- 방문일
    HOS_ID          CHAR(6)         NOT NULL					-- 병원 ID
);



CREATE TABLE TREAT_TBL ( -- 진료
	TRE_ID		CHAR(6)	        NOT NULL PRIMARY KEY,		-- 진료ID
	PAT_ID	    CHAR(6)         NOT NULL,				    -- 방문자ID
	PER_ID		VARCHAR2(20)	NOT NULL,				    -- 사람 ID
	DOC_ID	    CHAR(6)		    NOT NULL,				    -- 의사 ID
	TRE_DATE	DATE		    NOT NULL,				    -- 진료일
	TRE_PAY	    NUMBER	        NOT NULL				    -- 진료비
);


CREATE TABLE ADMISSION_TBL ( -- 입원 
	IDX			NUMBER	        NOT NULL,				-- 순서
	ADM_ID	    CHAR(6)	        NOT NULL PRIMARY KEY,   -- 입원ID
	PER_ID	    VARCHAR2(20)	NOT NULL,				-- 사람ID
    TRE_ID	    CHAR(6)		    NOT NULL,				-- 진료ID
	ADM_DATE	DATE		    NOT NULL				-- 입원일
);


CREATE TABLE ADMISSION_ROOMS_TBL( -- 입원자 병실
	IDX			    NUMBER(4)		NOT NULL,					-- 순서
	ADM_ID		    CHAR(6)		    NOT NULL,					-- 입원 ID
	ADM_ROOM_GRP	CHAR(6)		    NOT NULL,					-- 병실 GRP
	ADM_ROOM		CHAR(6)	        NOT NULL,					-- 병실
	ADM_ROOM_DATE	DATE			NOT NULL					-- 병실 사용일
);


CREATE TABLE ADMISSION_MEDICINES_TBL( -- 입원자 처방약
	IDX			    NUMBER		    NOT NULL,					-- 순서
	ADM_ID		    CHAR(6)		    NOT NULL,					-- 입원 ID
	ADM_MED_GRP		CHAR(6)		    NOT NULL,					-- 처방약 GRP
	ADM_MED		    CHAR(6)			NOT NULL,					-- 처방약
	ADM_MED_QTY		NUMBER		    NOT NULL,					-- 처방약 수량
	ADM_MED_DATE	DATE		    NOT NULL					-- 처방일
);


CREATE TABLE DISCHARGE_TBL ( -- 퇴원
	IDX	        NUMBER		    NOT NULL,				-- 순서
	ADM_ID	    CHAR(6)	        NOT NULL,	            -- 입원 ID
	PER_ID	    VARCHAR2(20)	NOT NULL,				-- 사람 ID
	DOC_ID	    CHAR(6)		    NOT NULL,				-- 의사 ID
	DIS_DATE	DATE		    NOT NULL				-- 퇴원일
);